name ,image
Spinach,spinach.jpg
Quinoa,quinoa.jpg
Black Beans,blackbeans.jpg
Corn,corn.jpg
Diced Onion,diced_onion.jpg
Cilantro,cilantro.jpg
Diced Tomatoes,diced_tomatoes.jpg
Lime Zest,lime_zest.jpg
Diced Avocado,diced_avocado.jpg
Italian Viniagrette,italian_viniagrette.jpg
Cherry Tomatoes,cherry_tomatoes.jpg
Fresh Basil,basil.jpg
Ciliegine Mozzarella,ciliegine_mozzarella.jpg
Olive Oil,olive_oil.jpg
Balsamic Vinegar,balsamic_vinegar.jpg
Pepper,pepper.jpg
Penne Pasta,penne.jpg
Shredded Chicken,shredded_chicken.jpg
Tomato Basil Sauce,tomato_basil_sauce.jpg
Shredded Mozzarella,shredded_mozzarella.jpg
Grated Parmesan Cheese,grated_parmesan.jpg
Mustard,mustard.png
Eggs,eggs.jpg
Paprika,paprika.jpg
Chives,chives.jpg
Chocolate Fettuccine,choc_fettuccine.jpg
Nutella,nutella.jpg
Heavy Cream,cream.jpg
Butter,butter.jpg
Raspberries,raspberries.jpg
Italian Sausage,sausage.png
Beef Broth,broth.png
Potatoes,potato.jpg
Kale,kale.jpg
White Onion,onion.jpg